{
    "config": {
        "position": 0,
        "community": 1,
        "objects": 0,
        "edge_weight": 0
    },
    "gcn_train_loss": [
        3.152907223509462,
        2.914679909712516,
        2.892023372970171,
        2.865885746559041,
        2.8577685572156972,
        2.8584567180415927,
        2.8487341964004824,
        2.840558756917915,
        2.837036438436316,
        2.833620516245797,
        2.8309862365658653,
        2.8314552187119553,
        2.8267705544529345,
        2.822618850925625,
        2.8290910008769705,
        2.8226977058705067,
        2.826000420039132,
        2.812909465508173,
        2.8197154902771815,
        2.8210509431442157,
        2.815379247569398,
        2.813908280942264,
        2.8147706017398195,
        2.812068392766402,
        2.8017192966986024,
        2.8036864491917144,
        2.8128151925618217,
        2.817976880393572,
        2.8075534817356393,
        2.816094244086502,
        2.8108718323227544,
        2.801625701405058,
        2.8049057122044916,
        2.799952578224592,
        2.800926867747467,
        2.8002622943596553,
        2.7965544614215827,
        2.801600088209114,
        2.796148673800014,
        2.7900612450286046,
        2.797500727160665,
        2.80469124109153,
        2.8033404222270786,
        2.787456825275549,
        2.7878568820505336,
        2.787978468325314,
        2.787205832916618,
        2.7834325300767118,
        2.7991118327083204,
        2.794894280049625,
        2.7883152017657387,
        2.791645662896585,
        2.7847126866347036,
        2.7862191024242633,
        2.784605523083834,
        2.779928522622025,
        2.792135031431313,
        2.7856712757341016,
        2.7932654603215674,
        2.7901112569258517,
        2.795305702510296,
        2.789427414036437,
        2.7794321743433907,
        2.788841773199555,
        2.784948973847716,
        2.7868871248808484,
        2.7767572266943503,
        2.78761511041014,
        2.787495339476822,
        2.7900432116233262,
        2.801342403328659,
        2.7902203030234216,
        2.7914072515180446,
        2.7916292320161857,
        2.786323271341772,
        2.79354863678849,
        2.7728478364496425,
        2.781588384769107,
        2.7851872460154077,
        2.79002345328363,
        2.7874507296005353,
        2.7823010827070913,
        2.782329108891071,
        2.7795501163341854,
        2.7912603840731935,
        2.786033288744472,
        2.7831924281664344,
        2.7791552887666944,
        2.787644463097489,
        2.7890133121669693,
        2.7878193535260705,
        2.775923368114753,
        2.7828693541904426,
        2.780027130306167,
        2.792226768180028,
        2.781115679132858,
        2.782435453978161,
        2.7814085251532945,
        2.7809212615825984,
        2.776746813882917
    ],
    "gcn_val_acc": [
        0.13298000481811612,
        0.148638882197061,
        0.14406167188629249,
        0.15225246928450975,
        0.1483979763912311,
        0.15032522283787042,
        0.1428571428571428,
        0.14237533124548296,
        0.14598891833293182,
        0.14550710672127198,
        0.15634786798361844,
        0.16212960732353654,
        0.1428571428571428,
        0.14237533124548296,
        0.1471934473620814,
        0.13731630932305472,
        0.1558660563719586,
        0.1414117080221633,
        0.14622982413876173,
        0.14261623705131288,
        0.15972054926523727,
        0.14454348349795232,
        0.14189351963382313,
        0.1558660563719586,
        0.15490243314863883,
        0.13900264996386413,
        0.14912069380872084,
        0.15490243314863883,
        0.14815707058540117,
        0.1428571428571428,
        0.14647072994459165,
        0.14189351963382313,
        0.14382076608046257,
        0.154420621536979,
        0.14237533124548296,
        0.14189351963382313,
        0.14068899060467355,
        0.1483979763912311,
        0.15273428089616958,
        0.14189351963382313,
        0.15273428089616958,
        0.15538424476029866,
        0.14237533124548296,
        0.14068899060467355,
        0.1428571428571428,
        0.1498434112262106,
        0.15682967959527827,
        0.15032522283787042,
        0.16333413635268612,
        0.15152975186702,
        0.14357986027463265,
        0.14695254155625148,
        0.14092989641050346,
        0.14044808479884363,
        0.14912069380872084,
        0.14622982413876173,
        0.1471934473620814,
        0.1587569260419176,
        0.14406167188629249,
        0.15803420862442785,
        0.13924355576969405,
        0.1602023608768971,
        0.15032522283787042,
        0.14647072994459165,
        0.13779812093471455,
        0.1558660563719586,
        0.1471934473620814,
        0.15225246928450975,
        0.13924355576969405,
        0.14261623705131288,
        0.15369790411948925,
        0.15225246928450975,
        0.1558660563719586,
        0.14671163575042157,
        0.175861238255842,
        0.15128884606119009,
        0.14743435316791131,
        0.14406167188629249,
        0.14502529510961215,
        0.13972536738135388,
        0.14213442543965304,
        0.14357986027463265,
        0.14237533124548296,
        0.14117080221633338,
        0.1443025776921224,
        0.17658395567333174,
        0.1399662731871838,
        0.14598891833293182,
        0.14237533124548296,
        0.14092989641050346,
        0.1558660563719586,
        0.13972536738135388,
        0.1558660563719586,
        0.1341845338472657,
        0.1558660563719586,
        0.14213442543965304,
        0.14092989641050346,
        0.1558660563719586,
        0.14044808479884363,
        0.14092989641050346
    ],
    "gcn_test_acc": 0.19153137340939008,