{
    "config": {
        "position": 0,
        "community": 0,
        "objects": 0,
        "edge_weight": 0
    },
    "gcn_train_loss": [
        3.157994739161242,
        2.941459705365584,
        2.8811055349823613,
        2.8611121857726336,
        2.8526854171048877,
        2.8479110450552616,
        2.8468462684810563,
        2.845321820086281,
        2.845027321137038,
        2.8438669331121766,
        2.843427487667775,
        2.8442223944119958,
        2.8443762840040576,
        2.8434822295336115,
        2.8426152475728284,
        2.843499604487579,
        2.8432639901270003,
        2.8446148697961897,
        2.842502134758354,
        2.8422481349650646,
        2.8427315342346295,
        2.8427849303956,
        2.8424865175413605,
        2.843615994357423,
        2.8430612471279684,
        2.8434055403575003,
        2.843219985097847,
        2.843039863861647,
        2.8437131771305264,
        2.844017805669132,
        2.842596978149158,
        2.843709523245792,
        2.843004353894483,
        2.8437454828479947,
        2.842938514363846,
        2.8424650006646277,
        2.8436836548299596,
        2.8429528506810233,
        2.84389795152933,
        2.8428579200834236,
        2.843318764795393,
        2.843199999540444,
        2.8430661803123933,
        2.8435206429270288,
        2.8428329581382292,
        2.843653441275526,
        2.8432861950573507,
        2.845006678728449,
        2.844873805974154,
        2.843326724615673,
        2.842699976575455,
        2.8421112771002237,
        2.843055179455136,
        2.8428118780955374,
        2.8440942068227986,
        2.8428845549589834,
        2.8434700381835833,
        2.8444022180250026,
        2.8439331478720544,
        2.843244051773276,
        2.8441806687604663,
        2.844036828751532,
        2.8434378284735966,
        2.8431792539238128,
        2.8436065304199323,
        2.8426033018419408,
        2.84444252756618,
        2.8437493447489386,
        2.8424004748363623,
        2.842739186030906,
        2.8434314759785697,
        2.8429432779350536,
        2.8422187206729146,
        2.8432854549996804,
        2.8417337572814634,
        2.843026594827639,
        2.8435804187851463,
        2.8427638735547163,
        2.8439427894233855,
        2.84343285048568,
        2.842332168713512,
        2.841889891848468,
        2.8439825589224794,
        2.8420485386112393,
        2.8431297556665918,
        2.84392582090109,
        2.843116414626973,
        2.844095974960583,
        2.8425731746942406,
        2.842286763575253,
        2.8429607544969393,
        2.8429938762780003,
        2.843244958243914,
        2.8431323406680318,
        2.8432064144403344,
        2.8427331623615033,
        2.842732716726777,
        2.842983901900733,
        2.8431561961270018,
        2.8417989383607902
    ],
    "gcn_val_acc": [
        0.21440616718862926,
        0.1558660563719586,
        0.1558660563719586,
        0.1558660563719586,
        0.1558660563719586,
        0.1558660563719586,
        0.1558660563719586,
        0.1558660563719586,
        0.1558660563719586,
        0.1558660563719586,
        0.1558660563719586,
        0.1558660563719586,
        0.1558660563719586,
        0.1558660563719586,
        0.1558660563719586,
        0.1558660563719586,
        0.1558660563719586,
        0.1558660563719586,
        0.1558660563719586,
        0.1558660563719586,
        0.1558660563719586,
        0.1558660563719586,
        0.1558660563719586,
        0.1558660563719586,
        0.1558660563719586,
        0.1558660563719586,
        0.1558660563719586,
        0.1558660563719586,
        0.1558660563719586,
        0.1558660563719586,
        0.1558660563719586,
        0.1558660563719586,
        0.1558660563719586,
        0.1558660563719586,
        0.1558660563719586,
        0.1558660563719586,
        0.1558660563719586,
        0.1558660563719586,
        0.1558660563719586,
        0.1558660563719586,
        0.1558660563719586,
        0.1558660563719586,
        0.1558660563719586,
        0.1558660563719586,
        0.1558660563719586,
        0.1558660563719586,
        0.1558660563719586,
        0.1558660563719586,
        0.1558660563719586,
        0.1558660563719586,
        0.1558660563719586,
        0.1558660563719586,
        0.1558660563719586,
        0.1558660563719586,
        0.1558660563719586,
        0.1558660563719586,
        0.1558660563719586,
        0.1558660563719586,
        0.1558660563719586,
        0.1558660563719586,
        0.1558660563719586,
        0.1558660563719586,
        0.1558660563719586,
        0.1558660563719586,
        0.1558660563719586,
        0.1558660563719586,
        0.1558660563719586,
        0.1558660563719586,
        0.1558660563719586,
        0.1558660563719586,
        0.1558660563719586,
        0.1558660563719586,
        0.1558660563719586,
        0.1558660563719586,
        0.1558660563719586,
        0.1558660563719586,
        0.1558660563719586,
        0.1558660563719586,
        0.1558660563719586,
        0.1558660563719586,
        0.1558660563719586,
        0.1558660563719586,
        0.1558660563719586,
        0.1558660563719586,
        0.1558660563719586,
        0.1558660563719586,
        0.1558660563719586,
        0.1558660563719586,
        0.1558660563719586,
        0.1558660563719586,
        0.1558660563719586,
        0.1558660563719586,
        0.1558660563719586,
        0.1558660563719586,
        0.1558660563719586,
        0.1558660563719586,
        0.1558660563719586,
        0.1558660563719586,
        0.1558660563719586,
        0.1558660563719586
    ],
    "gcn_test_acc": 0.19153137340939008,