{
    "config": {
        "position": 1,
        "community": 1,
        "objects": 1,
        "edge_weight": 0
    },
    "gcn_train_loss": [
        3.1318423644008253,
        2.8034402252043655,
        2.71164886983449,
        2.6955526803163874,
        2.6801534771119186,
        2.639890314748623,
        2.630812975384245,
        2.613462692139133,
        2.606916638028702,
        2.5908633766558347,
        2.5794440979925577,
        2.5631982936155078,
        2.5698992845996114,
        2.543277507660373,
        2.5559082711302996,
        2.558456028867888,
        2.5290100686502135,
        2.5390944040861707,
        2.535666303346621,
        2.552761335500935,
        2.522564692785276,
        2.516680910283287,
        2.499807466596565,
        2.528515438105436,
        2.519645034066783,
        2.4935968114225657,
        2.4939141985554025,
        2.4838281341847157,
        2.517720787317161,
        2.4937782975651275,
        2.4667038461505966,
        2.496373253380692,
        2.4656367205933436,
        2.4939060859232143,
        2.4702541292113747,
        2.4809687493631505,
        2.4498382190729946,
        2.469491124153137,
        2.4835299645494295,
        2.438769342915324,
        2.4671199113730617,
        2.4443159343412257,
        2.4357595271712182,
        2.4312531428049073,
        2.4718147732267446,
        2.4580700245479608,
        2.463789139818025,
        2.442058697642896,
        2.4273352774997687,
        2.453212474416566,
        2.437604223321748,
        2.476197382747727,
        2.4392799211028438,
        2.411618319133784,
        2.39086292014026,
        2.419798806209692,
        2.438995582945395,
        2.440388724307886,
        2.3954914976286408,
        2.4265011805015924,
        2.4203604619775043,
        2.4093802695306357,
        2.4169684860530314,
        2.4113033365883285,
        2.4237166711148,
        2.393012537252183,
        2.4213995909530843,
        2.394290906470894,
        2.3840130839571856,
        2.4024212936426967,
        2.3761043924613285,
        2.4025657617005725,
        2.3976824675630404,
        2.4071838527717846,
        2.3746548507037577,
        2.3596154371364007,
        2.3910946533983988,
        2.3846174158505944,
        2.363735512599049,
        2.4018216429140744,
        2.3844780077870262,
        2.389189124907423,
        2.3552542908879737,
        2.3748049912036664,
        2.372407131947127,
        2.376078202420433,
        2.3868757862372685,
        2.3817722025333636,
        2.3440273880158493,
        2.3795117811868653,
        2.3654087381874955,
        2.3448598452862477,
        2.3638852814699978,
        2.3355275016503048,
        2.366102936283854,
        2.341134295767586,
        2.357442557811737,
        2.3421769246158983,
        2.370794107449935,
        2.3635122556014347
    ],
    "gcn_val_acc": [
        0.2035654059262828,
        0.16983859311009397,
        0.1498434112262106,
        0.1356299686822453,
        0.16670681763430495,
        0.12334377258491935,
        0.1370754035172248,
        0.14502529510961215,
        0.15755239701276802,
        0.11659841002168148,
        0.13322091062394603,
        0.0910623946037099,
        0.16333413635268612,
        0.175861238255842,
        0.12743917128402793,
        0.1327390990122862,
        0.09154420621536974,
        0.0980486629727777,
        0.14117080221633338,
        0.07540351722476513,
        0.13659359190556497,
        0.14092989641050346,
        0.1110575764875934,
        0.05155384244760297,
        0.11659841002168148,
        0.14020717899301371,
        0.11443025776921223,
        0.05107203083594314,
        0.07925801011804379,
        0.09202601782702957,
        0.05902192242833049,
        0.13827993254637438,
        0.1052758371476753,
        0.1443025776921224,
        0.0708263069139966,
        0.08142616237051314,
        0.09828956877860762,
        0.08961695976873041,
        0.0994940978077572,
        0.08961695976873041,
        0.10455311973018544,
        0.09274873524451943,
        0.07275355336063605,
        0.04191761021440621,
        0.11852565646832092,
        0.05564924114671166,
        0.08383522042881231,
        0.12165743194410983,
        0.042881233437725874,
        0.07564442303059504,
        0.07468079980727538,
        0.0864851842929415,
        0.06552637918573834,
        0.1385208383522043,
        0.07371717658395571,
        0.10045772103107686,
        0.1399662731871838,
        0.06938087207901711,
        0.05998554565165026,
        0.05420380631173216,
        0.11948927969164058,
        0.11033485907010354,
        0.040231269573596684,
        0.1153938809925319,
        0.0937123584678391,
        0.11708022163334131,
        0.06384003854492892,
        0.06697181402071795,
        0.10479402553601536,
        0.051312936641773055,
        0.11153938809925323,
        0.07829438689472412,
        0.10286677908937603,
        0.11876656227415083,
        0.041435798602746376,
        0.10503493134184538,
        0.07203083594314619,
        0.11683931582751139,
        0.11418935196338231,
        0.1353890628764154,
        0.056612864370031324,
        0.063599132739099,
        0.11876656227415083,
        0.12334377258491935,
        0.10334859070103586,
        0.14960250542038067,
        0.12960732353649718,
        0.06408094435075884,
        0.14092989641050346,
        0.08841243073958083,
        0.054685617923391994,
        0.08263069139966273,
        0.08335340881715247,
        0.12045290291496025,
        0.03517224765116844,
        0.1023849674777162,
        0.12599373644904843,
        0.07853529270055404,
        0.15538424476029866,
        0.13346181642977595
    ],
    "gcn_test_acc": 0.14041246160596754,