{
    "config": {
        "position": 0,
        "community": 0,
        "objects": 0,
        "edge_weight": 0
    },
    "gcn_train_loss": [
        3.0753741440356976,
        2.950024732007276,
        2.918191091326259,
        2.893614577767033,
        2.8838284863721606,
        2.8776878262526235,
        2.8722521650711164,
        2.8698685177220593,
        2.865979582671351,
        2.8626961516053884,
        2.85134615034065,
        2.8619742793524825,
        2.8590048703571296,
        2.8506506729446,
        2.850803432048567,
        2.852907158384387,
        2.8474994241791283,
        2.852889960244198,
        2.849545000383518,
        2.847998117440499,
        2.8442445513386057,
        2.8457553338684494,
        2.8428844829533726,
        2.8482311451995135,
        2.84552027875145,
        2.8415547233299923,
        2.845364437007264,
        2.844054939762858,
        2.8448518298616343,
        2.8441250620272336,
        2.83971403029141,
        2.843890230127629,
        2.8425970893578243,
        2.843187259347647,
        2.8422077798203333,
        2.8394029308485504,
        2.8413755333663633,
        2.8430188542244417,
        2.842481035514166,
        2.842062205276233,
        2.8401304203391877,
        2.8432919803081744,
        2.83999753318377,
        2.843407954145598,
        2.840539621026724,
        2.841509077372967,
        2.8414673877242427,
        2.8436288561596967,
        2.8428292362481957,
        2.8430451506736296,
        2.8394591584301634,
        2.8405878735868724,
        2.8408384963169993,
        2.8407938288362233,
        2.8432190754269593,
        2.8422095703598638,
        2.8411755745842955,
        2.843158369896396,
        2.842738493976977,
        2.840356536359595,
        2.8422843089839755,
        2.841694444617969,
        2.8442375075897113,
        2.842319642137361,
        2.8431531270878425,
        2.840486297671427,
        2.844421824352853,
        2.841802864266722,
        2.8402714737309704,
        2.8409257135135215,
        2.841663573412287,
        2.8416992761944764,
        2.84048607365397,
        2.841399640844972,
        2.8387658100000164,
        2.841182178298899,
        2.8414673037176965,
        2.840081764547617,
        2.8433460157189594,
        2.84201087487624,
        2.840162078806218,
        2.839729627506845,
        2.844853238771426,
        2.838964135854836,
        2.8435065890318594,
        2.844165102747463,
        2.8460467925807773,
        2.8463806505971307,
        2.841436146089695,
        2.842670378268965,
        2.8412727381559026,
        2.843990921974182,
        2.8418333114393604,
        2.8452865893408754,
        2.8400990722963475,
        2.843104116868653,
        2.843260537057915,
        2.842678286885255,
        2.8425999279790277,
        2.8391006592936163
    ],
    "gcn_val_acc": [
        0.2105516742953505,
        0.14502529510961215,
        0.19224283305227652,
        0.15249337509033967,
        0.14960250542038067,
        0.154420621536979,
        0.20958805107203082,
        0.1529751867019995,
        0.15225246928450975,
        0.15177065767284992,
        0.14912069380872084,
        0.154420621536979,
        0.1558660563719586,
        0.1500843170320405,
        0.1558660563719586,
        0.15032522283787042,
        0.1558660563719586,
        0.1558660563719586,
        0.15538424476029866,
        0.15562515056612858,
        0.14550710672127198,
        0.14960250542038067,
        0.1558660563719586,
        0.1558660563719586,
        0.1558660563719586,
        0.15658877378944835,
        0.15610696217778852,
        0.15490243314863883,
        0.1558660563719586,
        0.1558660563719586,
        0.1558660563719586,
        0.1558660563719586,
        0.1558660563719586,
        0.1558660563719586,
        0.1558660563719586,
        0.15490243314863883,
        0.1558660563719586,
        0.15634786798361844,
        0.1558660563719586,
        0.15682967959527827,
        0.1558660563719586,
        0.15514333895446875,
        0.1558660563719586,
        0.1558660563719586,
        0.1558660563719586,
        0.1558660563719586,
        0.1558660563719586,
        0.1558660563719586,
        0.1558660563719586,
        0.1558660563719586,
        0.1558660563719586,
        0.15369790411948925,
        0.1498434112262106,
        0.15610696217778852,
        0.15610696217778852,
        0.15610696217778852,
        0.15634786798361844,
        0.1558660563719586,
        0.1558660563719586,
        0.1558660563719586,
        0.1558660563719586,
        0.1558660563719586,
        0.1558660563719586,
        0.1558660563719586,
        0.1558660563719586,
        0.15610696217778852,
        0.1558660563719586,
        0.15562515056612858,
        0.15610696217778852,
        0.1558660563719586,
        0.16526138279932545,
        0.15562515056612858,
        0.1558660563719586,
        0.15610696217778852,
        0.15562515056612858,
        0.15610696217778852,
        0.15610696217778852,
        0.15610696217778852,
        0.1558660563719586,
        0.1558660563719586,
        0.1558660563719586,
        0.15658877378944835,
        0.15634786798361844,
        0.15610696217778852,
        0.15514333895446875,
        0.1558660563719586,
        0.1558660563719586,
        0.15610696217778852,
        0.15538424476029866,
        0.1558660563719586,
        0.15490243314863883,
        0.15514333895446875,
        0.15393880992531916,
        0.1546615273428089,
        0.1529751867019995,
        0.15658877378944835,
        0.15514333895446875,
        0.1558660563719586,
        0.1558660563719586,
        0.154420621536979
    ],
    "gcn_test_acc": 0.19197016235190872,