{
    "config": {
        "position": 0,
        "community": 1,
        "objects": 1,
        "edge_weight": 1
    },
    "gcn_train_loss": [
        3.0525131337594664,
        2.7160653171923337,
        2.647884634517183,
        2.588777919743685,
        2.565151546625483,
        2.548929468897365,
        2.5098787914186516,
        2.500923433559853,
        2.452930799266636,
        2.461324426151762,
        2.4508377721645687,
        2.4398625361039334,
        2.4316546956964786,
        2.424297125547524,
        2.409645616608178,
        2.4066258968922916,
        2.3889393586440373,
        2.3951385301231536,
        2.3650809462438493,
        2.342847924104473,
        2.3736898259028494,
        2.36887134321584,
        2.3589480923326223,
        2.3338878886811685,
        2.332937064986901,
        2.3271440547584685,
        2.3179873864122684,
        2.332953670280892,
        2.356682733001325,
        2.3163308717260427,
        2.3025242810281332,
        2.298392774274685,
        2.2789775749180943,
        2.284978878578084,
        2.2885887098792415,
        2.2851728264917464,
        2.3055921200937872,
        2.2888436617467227,
        2.2604728881144682,
        2.291821577004938,
        2.2613102353659253,
        2.2503408933645925,
        2.2454825503714133,
        2.2563617821507806,
        2.246963511377373,
        2.2356088469492508,
        2.2356821186590516,
        2.272133564388992,
        2.254811015305103,
        2.2209502654587663,
        2.248175301807839,
        2.241897641412364,
        2.2231397916806626,
        2.2050901399362806,
        2.2321696789472694,
        2.189916637919893,
        2.199607151466728,
        2.185396788904331,
        2.221539158149054,
        2.2621627738011765,
        2.2242161323560166,
        2.1959737863316633,
        2.204709375064645,
        2.1930897127861946,
        2.186046274716422,
        2.1758150150311875,
        2.182123451024894,
        2.2055952100945797,
        2.200080465950422,
        2.1499516723940038,
        2.182996213836158,
        2.1780345267897485,
        2.179528279592527,
        2.1790973296101463,
        2.170171451248579,
        2.1586732176326264,
        2.161943693289021,
        2.1719316148117884,
        2.102733812876196,
        2.185837294431341,
        2.1685337480282625,
        2.1535966304324616,
        2.1560988858242163,
        2.1253908068541714,
        2.143569991092554,
        2.110062109143942,
        2.171247337888551,
        2.155588124422419,
        2.1364601090450415,
        2.1397567511404922,
        2.1334718533810353,
        2.140682362470051,
        2.1094966550801426,
        2.1865872256707823,
        2.1301297989467645,
        2.1390260325982267,
        2.1120714449242457,
        2.1326267059217363,
        2.1077357718608525,
        2.0993214329617134
    ],
    "gcn_val_acc": [
        0.19417007949891596,
        0.22886051553842446,
        0.2625873283546134,
        0.27631895928691885,
        0.3073958082389785,
        0.2710190315586606,
        0.29197783666586363,
        0.3158275114430258,
        0.2596964586846543,
        0.29824138761744157,
        0.31365935919055654,
        0.3033004095398699,
        0.30209588051072034,
        0.31365935919055654,
        0.31221392435557704,
        0.2999277282582511,
        0.2914960250542038,
        0.30980486629727777,
        0.30787761985063833,
        0.2946278005299927,
        0.29510961214165254,
        0.28089616959768726,
        0.3042640327631896,
        0.3346181642977596,
        0.3235364972295832,
        0.28788243796675506,
        0.30065044567574084,
        0.2799325463743676,
        0.31703204047217537,
        0.2739099012286197,
        0.31390026499638646,
        0.3163093230546856,
        0.30980486629727777,
        0.31679113466634545,
        0.31847747530715487,
        0.31510479402553604,
        0.30089135148157076,
        0.2842688508793062,
        0.30402312695735967,
        0.28619609732594553,
        0.29775957600578173,
        0.2859551915201156,
        0.29679595278246207,
        0.30378222115152975,
        0.32377740303541314,
        0.2845097566851361,
        0.30546856179233917,
        0.30787761985063833,
        0.2741508070344496,
        0.32690917851120216,
        0.27752348831606843,
        0.3061912792098289,
        0.2972777643941219,
        0.3045049385690195,
        0.2943868947241628,
        0.2874006263550952,
        0.31365935919055654,
        0.29342327150084313,
        0.2840279450734763,
        0.32112743917128395,
        0.3129366417730668,
        0.29631414117080224,
        0.27752348831606843,
        0.28475066249096603,
        0.3271500843170321,
        0.3235364972295832,
        0.2917369308600337,
        0.24981932064562762,
        0.28234160443266676,
        0.26740544447121173,
        0.26306913996627324,
        0.28764153216092514,
        0.30354131534569984,
        0.3177547578896651,
        0.28956877860756447,
        0.2825825102384967,
        0.29101421344254397,
        0.2828234160443266,
        0.2866779089376055,
        0.27511443025776927,
        0.29101421344254397,
        0.29197783666586363,
        0.30522765598650925,
        0.28499156829679595,
        0.2854733799084558,
        0.31390026499638646,
        0.30835943146229816,
        0.3134184533847266,
        0.3004095398699109,
        0.2710190315586606,
        0.2931823656950132,
        0.3071549024331486,
        0.31076848952059744,
        0.2886051553842448,
        0.2900505902192243,
        0.3042640327631896,
        0.27800529992772827,
        0.3100457721031077,
        0.30378222115152975,
        0.29824138761744157
    ],
    "gcn_test_acc": 0.32843352347520843,