{
    "config": {
        "position": 1,
        "community": 0,
        "objects": 0,
        "edge_weight": 0
    },
    "gcn_train_loss": [
        3.0855047390764994,
        2.8886710581363446,
        2.8402684934987317,
        2.8380646593618715,
        2.8089992920024285,
        2.8061475817789168,
        2.794864848156103,
        2.7871860249730567,
        2.7786542545228996,
        2.7816936161694112,
        2.7628723838985367,
        2.767984197443764,
        2.7643583236924756,
        2.7656103148556395,
        2.7612333265727,
        2.779103534333658,
        2.7646463109342845,
        2.7532459689466746,
        2.762919711586613,
        2.7624127024772185,
        2.764791199824954,
        2.7557242052667092,
        2.765867748516518,
        2.761671689532747,
        2.7553625338829604,
        2.755163710389361,
        2.7527487798025145,
        2.758167290047511,
        2.7562601958345248,
        2.7573912751754657,
        2.7592896671103153,
        2.7477455299172626,
        2.7578091413382717,
        2.7449465350016653,
        2.759003668023436,
        2.7452108227966616,
        2.7475064720883466,
        2.7534768357372923,
        2.739642884107244,
        2.7474877482292634,
        2.744581239335489,
        2.745971797296665,
        2.7538375614473485,
        2.7395279831534265,
        2.7438426665811733,
        2.7440907811158457,
        2.7533866647105887,
        2.7473297679184268,
        2.7357832585405184,
        2.7658175630057418,
        2.7427558778916428,
        2.7479185554005157,
        2.7235693987583955,
        2.738234274339356,
        2.7469522088966114,
        2.741642598337775,
        2.7526832034923885,
        2.737372351972849,
        2.7318308265417213,
        2.735603330119344,
        2.730369516667104,
        2.7413720300533626,
        2.72714771040334,
        2.7407085727525238,
        2.7289591491622414,
        2.7285491444120473,
        2.7288456939210826,
        2.741150186365883,
        2.726952183166606,
        2.738930582200121,
        2.735366687678651,
        2.7316732422617456,
        2.7462150866553285,
        2.7349492503492625,
        2.738141017472184,
        2.7210330403091123,
        2.7246497029426116,
        2.721384652508985,
        2.729174545147275,
        2.737123077347775,
        2.7335601276999353,
        2.724584437056676,
        2.7231829582444775,
        2.727322328810724,
        2.723475372231247,
        2.722618087826159,
        2.733517087545971,
        2.737469757963347,
        2.7272309368888803,
        2.7175555605216313,
        2.715458005066686,
        2.730571434801857,
        2.7331030448811164,
        2.7200386996237222,
        2.7269072980688724,
        2.7073645607737085,
        2.7192718678672843,
        2.7161062795843853,
        2.7086280416322235,
        2.7155993256792925
    ],
    "gcn_val_acc": [
        0.06865815466152736,
        0.11732112743917122,
        0.13611178029390514,
        0.1414117080221633,
        0.13370272223560586,
        0.13033004095398693,
        0.14044808479884363,
        0.1353890628764154,
        0.13466634545892553,
        0.12599373644904843,
        0.12527101903155868,
        0.14550710672127198,
        0.12647554806070826,
        0.11924837388581067,
        0.07010358949650686,
        0.08865333654541074,
        0.11129848229342332,
        0.08985786557456032,
        0.09877138039026745,
        0.09732594555528784,
        0.15658877378944835,
        0.09877138039026745,
        0.13033004095398693,
        0.08503974945796189,
        0.10286677908937603,
        0.07154902433148635,
        0.11009395326427363,
        0.08576246687545175,
        0.12743917128402793,
        0.07901710431221387,
        0.06600819079739817,
        0.08768971332209108,
        0.12334377258491935,
        0.08190797398217298,
        0.0708263069139966,
        0.0650445675740785,
        0.09563960491447843,
        0.06480366176824859,
        0.06094916887496993,
        0.07178993013731627,
        0.06408094435075884,
        0.08576246687545175,
        0.07853529270055404,
        0.06408094435075884,
        0.053962900505902134,
        0.10069862683690678,
        0.06938087207901711,
        0.08166706817634306,
        0.1414117080221633,
        0.07998072753553365,
        0.06841724885569744,
        0.06817634304986753,
        0.07323536497229588,
        0.06456275596241867,
        0.07058540110816669,
        0.03999036376776677,
        0.08166706817634306,
        0.11129848229342332,
        0.036376776680318024,
        0.09154420621536974,
        0.07612623464225488,
        0.11033485907010354,
        0.06962177788484702,
        0.11948927969164058,
        0.10696217778848471,
        0.06480366176824859,
        0.06552637918573834,
        0.11683931582751139,
        0.04794025536015423,
        0.08431703204047214,
        0.08287159720549264,
        0.07371717658395571,
        0.05444471211756208,
        0.08817152493375091,
        0.05444471211756208,
        0.038785834738617186,
        0.062394603709949426,
        0.08142616237051314,
        0.11683931582751139,
        0.08768971332209108,
        0.05902192242833049,
        0.055890146952541575,
        0.09250782943868952,
        0.08238978559383281,
        0.08118525656468323,
        0.08046253914719348,
        0.07973982172970373,
        0.0708263069139966,
        0.055890146952541575,
        0.08359431462298239,
        0.07612623464225488,
        0.07901710431221387,
        0.07564442303059504,
        0.06167188629245968,
        0.06552637918573834,
        0.07757166947723437,
        0.08094435075885331,
        0.041435798602746376,
        0.029631414117080257,
        0.10286677908937603
    ],
    "gcn_test_acc": 0.14853005704256253,