{
    "config": {
        "position": 1,
        "community": 1,
        "objects": 0,
        "edge_weight": 1
    },
    "gcn_train_loss": [
        3.1145915993108044,
        2.8679320908232824,
        2.8460869693116053,
        2.821156336157114,
        2.809259233058699,
        2.8004314939447696,
        2.7952245425857956,
        2.788292278379402,
        2.7738777615079946,
        2.785444470059952,
        2.774229823342906,
        2.774723495412993,
        2.7634829874806757,
        2.7663975698035834,
        2.7669538859552985,
        2.7503657477014016,
        2.7547505581938982,
        2.7683601859431937,
        2.763853858781341,
        2.758480859282833,
        2.7446522696706275,
        2.7605583403734553,
        2.7626607906098335,
        2.7458319343976525,
        2.753267849051712,
        2.743058842300569,
        2.7424231439628857,
        2.751470594598143,
        2.739393459070449,
        2.736764905436727,
        2.738891739973286,
        2.7511399096290536,
        2.746229221356795,
        2.7409891130140163,
        2.7374433647066154,
        2.7248571127053074,
        2.753759480962817,
        2.722625151576612,
        2.735433648096635,
        2.7422269510742803,
        2.730295874928468,
        2.7465074022344296,
        2.734272439207807,
        2.7451491859935273,
        2.7423816463291244,
        2.7329579495743617,
        2.737080794852852,
        2.730663891606683,
        2.735087865151015,
        2.726347159219268,
        2.727176329433518,
        2.740020790356118,
        2.7342522424339446,
        2.7240353278665737,
        2.750489789367522,
        2.724432241996663,
        2.7325691856793908,
        2.7258421310642422,
        2.737897568101051,
        2.7223398245421033,
        2.7388941857638773,
        2.7289356665323243,
        2.7232110764356268,
        2.7234814119018966,
        2.7154590699496683,
        2.721972675931534,
        2.7189815500438614,
        2.7041411159822606,
        2.727961785841308,
        2.699012841154265,
        2.7045029329773564,
        2.7098674854176155,
        2.720693719467061,
        2.725566767206128,
        2.719064075674787,
        2.7097670047875217,
        2.7025846866953294,
        2.7310141060976374,
        2.7003800540962475,
        2.716633499868764,
        2.7144412370336135,
        2.7115898116322974,
        2.709033875657408,
        2.696094236917944,
        2.715214224469742,
        2.7074581456664424,
        2.7257368956636263,
        2.698314114705028,
        2.698666614174043,
        2.713369177491873,
        2.719071955488832,
        2.69897316686259,
        2.707488637642572,
        2.706175515315677,
        2.708328405482657,
        2.6997767110798985,
        2.695214194739425,
        2.710021126190288,
        2.693328695009219,
        2.699338815356261
    ],
    "gcn_val_acc": [
        0.14743435316791131,
        0.14020717899301371,
        0.13659359190556497,
        0.10575764875933513,
        0.127198265478198,
        0.14406167188629249,
        0.09853047458443753,
        0.14671163575042157,
        0.1298482293423271,
        0.12768007708985785,
        0.1125030113225729,
        0.09250782943868952,
        0.1081667068176343,
        0.07660804625391471,
        0.06070826306914001,
        0.09347145266200918,
        0.044808479884365204,
        0.09082148879787999,
        0.12117562033245,
        0.08528065526379192,
        0.07010358949650686,
        0.059744639845820235,
        0.07058540110816669,
        0.09901228619609737,
        0.07973982172970373,
        0.07684895205974462,
        0.05275837147675255,
        0.05372199470007222,
        0.08263069139966273,
        0.0937123584678391,
        0.07203083594314619,
        0.053962900505902134,
        0.0708263069139966,
        0.07130811852565644,
        0.12213924355576966,
        0.09539869910864851,
        0.07540351722476513,
        0.034208624427848666,
        0.09250782943868952,
        0.08600337268128166,
        0.10840761262346421,
        0.08937605396290049,
        0.09901228619609737,
        0.09612141652613826,
        0.07299445916646596,
        0.08889424235124066,
        0.06191279209828959,
        0.08335340881715247,
        0.05685377017586124,
        0.04890387858347389,
        0.09395326427366901,
        0.04794025536015423,
        0.06070826306914001,
        0.0708263069139966,
        0.05107203083594314,
        0.08455793784630206,
        0.08479884365213197,
        0.05444471211756208,
        0.07540351722476513,
        0.08696699590460133,
        0.07612623464225488,
        0.05829920501084074,
        0.1052758371476753,
        0.07708985786557454,
        0.08022163334136356,
        0.07130811852565644,
        0.063599132739099,
        0.08022163334136356,
        0.06624909660322809,
        0.04649482052517462,
        0.07925801011804379,
        0.08022163334136356,
        0.10503493134184538,
        0.04914478438930381,
        0.05010840761262347,
        0.06022645145748018,
        0.08238978559383281,
        0.09419417007949893,
        0.05950373403999032,
        0.07419898819561555,
        0.08238978559383281,
        0.09009877138039024,
        0.09780775716694778,
        0.0922669236328596,
        0.08576246687545175,
        0.07299445916646596,
        0.0780534810888942,
        0.09925319200192728,
        0.08913514815707058,
        0.08046253914719348,
        0.041435798602746376,
        0.04962659600096364,
        0.08720790171043125,
        0.1125030113225729,
        0.06384003854492892,
        0.1009395326427367,
        0.09178511202119966,
        0.08046253914719348,
        0.09202601782702957,
        0.19127920982895685
    ],
    "gcn_test_acc": 0.11605967529618254,