{
    "config": {
        "position": 0,
        "community": 0,
        "objects": 1,
        "edge_weight": 0
    },
    "gcn_train_loss": [
        2.8577072476380625,
        2.5722911877920165,
        2.5243844225902685,
        2.4633647551472557,
        2.465613665996782,
        2.4266856732784503,
        2.406944292503715,
        2.408995931580563,
        2.3844331950949345,
        2.3606519291064885,
        2.3506610217510455,
        2.3418883477281405,
        2.3293646197991085,
        2.3382158283419257,
        2.3296283907538293,
        2.2983181472592706,
        2.3128114974738767,
        2.2918345832184657,
        2.2766633877818214,
        2.3035225172170857,
        2.282312221175072,
        2.2640831082459263,
        2.2696285243802423,
        2.2564720471433346,
        2.254406521384348,
        2.2161275592426324,
        2.2541389105303975,
        2.246327022178061,
        2.1973606312034915,
        2.2281583251569095,
        2.2386469436971934,
        2.2127088316334973,
        2.219544753932313,
        2.193640741325865,
        2.2105249466512027,
        2.2086807813420393,
        2.2264608780809696,
        2.1836114245773164,
        2.183732837238568,
        2.1778326562587047,
        2.1738849618290894,
        2.1320786336124344,
        2.185409586301586,
        2.1676086567392283,
        2.1689920509421587,
        2.142195914815736,
        2.1626458104024797,
        2.1350216757531135,
        2.143514167942457,
        2.133256051764392,
        2.150861694508751,
        2.1413121975508314,
        2.1571378647881065,
        2.1355175119918464,
        2.117823943195727,
        2.1113911943147645,
        2.1482531312328055,
        2.0916135143113617,
        2.1069618399511247,
        2.1074739358569152,
        2.0930189002280266,
        2.10649755577113,
        2.08115794634659,
        2.071889900921175,
        2.1129182709143466,
        2.07546398383659,
        2.097054681521934,
        2.0907555314518462,
        2.076601046643801,
        2.0906853371818594,
        2.06135365626956,
        2.0543869441787668,
        2.071215221745856,
        2.084186192726929,
        2.0745380652830905,
        2.0318378618099544,
        2.044902452286458,
        2.084979795369526,
        2.0842816887685918,
        2.1027353825985187,
        2.0576629338648496,
        2.0626352065361586,
        2.070147232721316,
        2.052629914459766,
        2.0416381915143673,
        2.0409429129338106,
        2.0431249597728653,
        2.0296667894260993,
        2.02985463886453,
        2.0296230072143095,
        2.042634160326631,
        2.034833916081678,
        2.047782883948128,
        2.0245270781068996,
        2.0257894968826498,
        2.0219177127684524,
        2.028360676445417,
        2.021583817149169,
        2.0578353513007195,
        2.0048440050758773
    ],
    "gcn_val_acc": [
        0.305950373403999,
        0.2818597928210069,
        0.34112262105516744,
        0.24066490002409058,
        0.30305950373404,
        0.3042640327631896,
        0.32522283787039274,
        0.30811852565646825,
        0.33245001204529023,
        0.30643218501565883,
        0.3016140688990605,
        0.3264273668995423,
        0.3119730185497471,
        0.33269091785112015,
        0.321368344977114,
        0.32980004818116115,
        0.3365454107443989,
        0.3129366417730668,
        0.28812334377258497,
        0.3406408094435076,
        0.30667309082148875,
        0.3261864610937124,
        0.3372681281618888,
        0.3013731630932306,
        0.3389544688026982,
        0.31365935919055654,
        0.3129366417730668,
        0.32401830884124305,
        0.3148638882197061,
        0.3348590701035895,
        0.33124548301614065,
        0.345218019754276,
        0.3464225487834256,
        0.29631414117080224,
        0.35003613587087457,
        0.3317272946278005,
        0.36376776680318,
        0.29197783666586363,
        0.2681281618887015,
        0.3119730185497471,
        0.32257287400626355,
        0.3322091062394603,
        0.3420862442784871,
        0.3175138520838352,
        0.30980486629727777,
        0.30980486629727777,
        0.3488316068417249,
        0.3143820766080463,
        0.27655986509274877,
        0.300168634064081,
        0.2859551915201156,
        0.32811370754035174,
        0.3086003372681282,
        0.32666827270537224,
        0.3148638882197061,
        0.3346181642977596,
        0.33148638882197057,
        0.2866779089376055,
        0.3204047217537942,
        0.30835943146229816,
        0.3261864610937124,
        0.3042640327631896,
        0.29800048181161165,
        0.254396530956396,
        0.33413635268609976,
        0.33148638882197057,
        0.3307636714044808,
        0.33799084557937853,
        0.3218501565887738,
        0.31100939532642735,
        0.26066008190797396,
        0.2782462057335582,
        0.2929414598891833,
        0.3218501565887738,
        0.34256805589014694,
        0.29800048181161165,
        0.3057094675981691,
        0.28089616959768726,
        0.32980004818116115,
        0.33678631655022884,
        0.3100457721031077,
        0.33389544688026984,
        0.31703204047217537,
        0.3235364972295832,
        0.32088653336545403,
        0.3348590701035895,
        0.2671645386653818,
        0.31679113466634545,
        0.33991809202601786,
        0.33100457721031074,
        0.33148638882197057,
        0.32690917851120216,
        0.3232955914237533,
        0.24476029872319927,
        0.3377499397735486,
        0.3076367140448084,
        0.28788243796675506,
        0.3126957359672369,
        0.2955914237533124,
        0.300168634064081
    ],
    "gcn_test_acc": 0.3036419482229048,