{
    "config": {
        "position": 1,
        "community": 1,
        "objects": 1,
        "edge_weight": 1
    },
    "gcn_train_loss": [
        3.1331914351290506,
        2.808490221132368,
        2.722484070982709,
        2.7124870415501947,
        2.686373178590864,
        2.6520689061824108,
        2.6339261379817986,
        2.6352859831496374,
        2.6166255522094315,
        2.5880319248109855,
        2.611049956123301,
        2.5748627041810312,
        2.5897134830487656,
        2.5665820677008404,
        2.5698420169369487,
        2.565184927626744,
        2.5376483562008647,
        2.549333511582957,
        2.5454514234658054,
        2.5620182128560622,
        2.5425798180919363,
        2.5355119609192713,
        2.5040168002147802,
        2.5433784971301185,
        2.5144552992494313,
        2.516707448351303,
        2.51910123809072,
        2.4984036636032516,
        2.5093999781064538,
        2.528235153863894,
        2.507566059995818,
        2.507965726340377,
        2.506160513266621,
        2.512053192061866,
        2.503331147584339,
        2.5113629558742447,
        2.48515466555653,
        2.4926926585651885,
        2.505833288167147,
        2.481820655349117,
        2.5037791952990847,
        2.4890733045219573,
        2.4838420080658574,
        2.459641704623331,
        2.496330676462826,
        2.476301032424773,
        2.458761284815385,
        2.465790009338584,
        2.470975263006735,
        2.474988889374189,
        2.4571310161744186,
        2.4778134030783736,
        2.47697961730445,
        2.458356897302922,
        2.438268771907627,
        2.4453190045068727,
        2.4657404322752217,
        2.4495057155621933,
        2.4655747597649595,
        2.44018064969338,
        2.4544894423260786,
        2.447311966211204,
        2.4497407474773842,
        2.433454736767199,
        2.459087963872308,
        2.4413126171035255,
        2.457544086763523,
        2.4347218955123187,
        2.424531072578174,
        2.439289608257729,
        2.449682002099568,
        2.4458256759899575,
        2.4168672137612464,
        2.448013043243613,
        2.43101186080267,
        2.418330268571841,
        2.4271599646382684,
        2.425872176285558,
        2.4025620774134695,
        2.4086434377119845,
        2.4117068644338007,
        2.431267689538482,
        2.4321073757722074,
        2.403888711193264,
        2.4125191785345144,
        2.418951315767813,
        2.4124720120590006,
        2.4025347564844477,
        2.388763398132068,
        2.40717729306061,
        2.4195300028628153,
        2.394625989382699,
        2.437961771984228,
        2.4218559625164775,
        2.4016212504982146,
        2.3864081041924905,
        2.395416891014816,
        2.414080236582148,
        2.4066509656458095,
        2.400597197497451
    ],
    "gcn_val_acc": [
        0.19802457239219462,
        0.15321609250782942,
        0.16212960732353654,
        0.11948927969164058,
        0.1226210551674295,
        0.10021681522524695,
        0.1573114912069381,
        0.08046253914719348,
        0.1139484461575524,
        0.09563960491447843,
        0.07275355336063605,
        0.10503493134184538,
        0.10792580101180438,
        0.15201156347867983,
        0.12478920741989885,
        0.12671645386653818,
        0.04456757407853529,
        0.09539869910864851,
        0.13153456998313662,
        0.07371717658395571,
        0.10021681522524695,
        0.0650445675740785,
        0.07154902433148635,
        0.060467357263310095,
        0.08311250301132256,
        0.09612141652613826,
        0.10792580101180438,
        0.06913996627318719,
        0.08238978559383281,
        0.08407612623464222,
        0.10166225006022644,
        0.09853047458443753,
        0.062394603709949426,
        0.12238014936159958,
        0.046735726331004535,
        0.087930619127921,
        0.09973500361358711,
        0.05155384244760297,
        0.09274873524451943,
        0.05805829920501082,
        0.063599132739099,
        0.09419417007949893,
        0.08142616237051314,
        0.05540833534088174,
        0.10334859070103586,
        0.04577210310768487,
        0.08720790171043125,
        0.13755721512888464,
        0.06311732112743917,
        0.08022163334136356,
        0.06070826306914001,
        0.09539869910864851,
        0.09130330040953982,
        0.10069862683690678,
        0.06673090821488792,
        0.09250782943868952,
        0.08431703204047214,
        0.06913996627318719,
        0.05637195856420141,
        0.061190074680799844,
        0.14478438930378223,
        0.09491688749698868,
        0.11418935196338231,
        0.09274873524451943,
        0.0734762707781258,
        0.12743917128402793,
        0.08455793784630206,
        0.06624909660322809,
        0.10792580101180438,
        0.06552637918573834,
        0.09612141652613826,
        0.07925801011804379,
        0.09660322813779809,
        0.09563960491447843,
        0.035654059262828275,
        0.10407130811852561,
        0.06576728499156825,
        0.09058058299205007,
        0.11346663454589256,
        0.09009877138039024,
        0.049385690195133725,
        0.06986268369067694,
        0.09298964105034935,
        0.10383040231269569,
        0.15538424476029866,
        0.1081667068176343,
        0.05829920501084074,
        0.10744398940014455,
        0.08937605396290049,
        0.09588051072030834,
        0.04962659600096364,
        0.07395808238978563,
        0.09997590941941703,
        0.11129848229342332,
        0.14887978800289092,
        0.08407612623464222,
        0.17562033245001207,
        0.11708022163334131,
        0.09997590941941703,
        0.15369790411948925
    ],
    "gcn_test_acc": 0.1428258007898201,