{
    "config": {
        "position": 1,
        "community": 0,
        "objects": 1,
        "edge_weight": 1
    },
    "gcn_train_loss": [
        3.0663691207066477,
        2.8100812267137054,
        2.7434274710264783,
        2.7144196569519554,
        2.6732356916338005,
        2.654599659394898,
        2.648095483747905,
        2.6067732460546815,
        2.6370578212225997,
        2.62140167799572,
        2.60919147849883,
        2.605737062108597,
        2.609831513174428,
        2.5846094661111,
        2.597117448813163,
        2.570623679449094,
        2.56629654225087,
        2.5802024346870063,
        2.5719266673862533,
        2.566377490158849,
        2.5521518136030874,
        2.5628302833377914,
        2.557860100829361,
        2.568116237653182,
        2.546862713442553,
        2.5428826216883307,
        2.5462475095019244,
        2.548161614661249,
        2.5538032518937284,
        2.5291491698898727,
        2.545418303284869,
        2.534103052728128,
        2.532465504319876,
        2.522469570172713,
        2.529104017571315,
        2.522858998119431,
        2.5103164719255178,
        2.515427688624235,
        2.528705856944091,
        2.5093574539927026,
        2.5245611267601884,
        2.50970574593384,
        2.5203889896405625,
        2.4872188792132692,
        2.518183854602327,
        2.514325397926689,
        2.500044438662945,
        2.5226870007162927,
        2.5113490003867436,
        2.493894164994259,
        2.5003350541095606,
        2.503660444445258,
        2.5066615439101354,
        2.490651701120722,
        2.517552199779741,
        2.5185267573235017,
        2.5044477817996236,
        2.474324781622663,
        2.502163062159647,
        2.4999758261162164,
        2.5016052418907218,
        2.4829631939830397,
        2.503059247996183,
        2.4839013046866296,
        2.504447613786531,
        2.4882326694142898,
        2.506908778376227,
        2.50346508282143,
        2.4893443544439022,
        2.446921958219285,
        2.489074815039667,
        2.481330241132903,
        2.496055888649601,
        2.473245444713823,
        2.4851719957070064,
        2.4677655556857987,
        2.4669630119464543,
        2.476380349805691,
        2.4841688327341274,
        2.4810701296633524,
        2.4716933269628742,
        2.5022388656667416,
        2.4684729800128298,
        2.475551081183773,
        2.4599716807371816,
        2.444764562101172,
        2.4601518211748776,
        2.4682269152378877,
        2.4655004171717088,
        2.4497388337282526,
        2.4478090281454508,
        2.4553203766778013,
        2.4736006979974325,
        2.453579424611674,
        2.454350647510298,
        2.454889291884915,
        2.4814801192123617,
        2.4473302532362458,
        2.4490976341618786,
        2.455859333076733
    ],
    "gcn_val_acc": [
        0.1052758371476753,
        0.15899783184774752,
        0.15393880992531916,
        0.06889906046735728,
        0.10792580101180438,
        0.14960250542038067,
        0.10503493134184538,
        0.10551674295350522,
        0.10623946037099496,
        0.0650445675740785,
        0.11009395326427363,
        0.1153938809925319,
        0.0922669236328596,
        0.09877138039026745,
        0.09780775716694778,
        0.12093471452662008,
        0.06263550951577934,
        0.12045290291496025,
        0.07010358949650686,
        0.05613105275837149,
        0.11370754035172248,
        0.0937123584678391,
        0.154420621536979,
        0.07564442303059504,
        0.10648036617682488,
        0.06697181402071795,
        0.10768489520597446,
        0.09925319200192728,
        0.08768971332209108,
        0.08311250301132256,
        0.07058540110816669,
        0.06889906046735728,
        0.05950373403999032,
        0.058540110816670654,
        0.087930619127921,
        0.09877138039026745,
        0.11418935196338231,
        0.10720308359431463,
        0.11708022163334131,
        0.10623946037099496,
        0.10190315586605636,
        0.07612623464225488,
        0.0994940978077572,
        0.11635750421585156,
        0.09853047458443753,
        0.13057094675981695,
        0.09009877138039024,
        0.11057576487593357,
        0.09250782943868952,
        0.12912551192483734,
        0.07058540110816669,
        0.07757166947723437,
        0.1298482293423271,
        0.08696699590460133,
        0.10479402553601536,
        0.0994940978077572,
        0.11057576487593357,
        0.07901710431221387,
        0.08961695976873041,
        0.08263069139966273,
        0.10575764875933513,
        0.09853047458443753,
        0.07708985786557454,
        0.12382558419657919,
        0.10021681522524695,
        0.062394603709949426,
        0.09612141652613826,
        0.118284750662491,
        0.07733076367140446,
        0.0910623946037099,
        0.10888942423512404,
        0.1298482293423271,
        0.13081185256564687,
        0.12358467839074927,
        0.10190315586605636,
        0.11563478679836181,
        0.11756203324500125,
        0.11057576487593357,
        0.09780775716694778,
        0.14382076608046257,
        0.13370272223560586,
        0.09082148879787999,
        0.07998072753553365,
        0.11467116357504215,
        0.0749217056131053,
        0.13490725126475545,
        0.11370754035172248,
        0.15080703444953025,
        0.07323536497229588,
        0.0951577933028186,
        0.10913033004095396,
        0.1110575764875934,
        0.13370272223560586,
        0.08142616237051314,
        0.1125030113225729,
        0.09443507588532885,
        0.10479402553601536,
        0.06817634304986753,
        0.04890387858347389,
        0.10937123584678388
    ],
    "gcn_test_acc": 0.13712154453707767,